order_id,customer_id,order_date,status
1001,127,2024-12-19,Cancelled
1002,66,2024-11-25,Delivered
1003,101,2024-08-27,returned
1004,44,,Delivered
1005,65,2025-08-27,Cancelled
1006,24,2024-04-12,PROCESSING
1007,80,2024-03-17,Processing
1008,1,2025-12-10,Returned
1009,141,2025-01-24,Cancelled
1010,18,2025-07-08,Delivered
1011,148,2024-08-20,Delivered
1012,129,2025-12-21,Delivered
1013,15,2024-02-17,Cancelled
1014,36,2025-03-17,DELIVERED
1015,93,2024-06-23,delivered
1016,124,2025-05-24,delivered
1017,5,2025-04-21,Shipped
1018,58,2024-12-19,Shipped
1019,129,2025-04-12,SHIPPED
1020,122,2025-01-25,Cancelled
1021,53,2024-01-23,returned
1022,26,2025-09-12,Processing
1023,118,2025-09-13,CANCELLED
1024,71,2025-10-05,Delivered
1025,32,2025-03-27,Delivered
1026,47,2024-10-29,Cancelled
1027,68,2025-07-06,Cancelled
1028,85,2024-09-20,Processing
1029,66,2024-04-27,Processing
1030,116,2025-11-23,Returned
1031,127,2024-04-02,returned
1032,135,2025-08-21,Returned
1033,56,2025-11-22,Delivered
1034,30,2024-12-01,Delivered
1035,107,2025-12-18,Shipped
1036,24,2024-02-08,Shipped
1037,121,2025-07-04,Delivered
1038,113,2025-03-05,Delivered
1039,9,2025-09-22,Returned
1040,18,2024-08-10,Processing
1041,25,2024-04-11,Cancelled
1042,19,2024-03-03,returned
1043,75,2024-04-03,Delivered
1044,11,2024-02-21,CANCELLED
1045,36,2025-07-21,Delivered
1046,120,2024-12-02,Delivered
1047,142,2024-05-28,Delivered
1048,57,2025-11-07,DELIVERED
1049,59,2024-11-27,DELIVERED
1050,148,2024-04-26,Delivered
1051,39,2025-08-30,Delivered
1052,124,2024-02-14,Shipped
1053,32,2025-05-05,Returned
1054,30,2024-03-16,Delivered
1055,65,2024-10-08,Cancelled
1056,14,2025-04-09,returned
1057,80,2024-08-08,Returned
1058,66,2025-04-09,Returned
1059,32,2024-11-16,Shipped
1060,71,2024-03-09,Delivered
1061,50,2025-01-16,Delivered
1062,30,2025-07-29,Cancelled
1063,113,2024-02-22,Shipped
1064,35,2025-06-03,DELIVERED
1065,61,2025-07-23,CANCELLED
1066,8,2025-07-28,Delivered
1067,137,2024-01-30,delivered
1068,61,2024-01-07,Delivered
1069,85,2024-03-12,Delivered
1070,47,2025-06-27,Delivered
1071,81,2025-01-13,Shipped
1072,40,2025-09-02,Delivered
1073,101,2024-02-20,delivered
1074,58,2025-02-28,shipped
1075,57,2024-10-17,Processing
1076,113,2025-02-08,DELIVERED
1077,71,,Shipped
1078,62,2024-06-28,Delivered
1079,101,2025-07-26,cancelled
1080,10,2025-04-15,Delivered
1081,66,2025-02-18,RETURNED
1082,88,2025-09-24,Processing
1083,46,2025-03-23,delivered
1084,39,2024-11-13,cancelled
1085,129,2024-04-26,Delivered
1086,76,2024-08-29,DELIVERED
1087,39,2024-06-30,Processing
1088,54,2025-04-04,Cancelled
1089,78,2025-03-26,Delivered
1090,141,2025-08-28,Delivered
1091,54,2025-04-07,delivered
1092,47,2025-09-21,Returned
1093,22,2025-04-05,Delivered
1094,78,2024-03-04,processing
1095,44,2025-05-31,delivered
1096,134,2025-06-19,Delivered
1097,143,2025-02-22,Cancelled
1098,76,2025-10-24,CANCELLED
1099,146,2024-09-15,Delivered
1100,73,2024-12-24,Shipped
1101,37,2024-05-12,Delivered
1102,119,2024-05-10,Delivered
1103,25,2024-01-19,Cancelled
1104,91,2025-05-12,DELIVERED
1105,52,2025-06-03,Delivered
1106,101,2024-05-14,RETURNED
1107,1,2024-06-18,PROCESSING
1108,30,2025-09-17,Shipped
1109,120,2025-06-30,Delivered
1110,142,2024-07-17,Cancelled
1111,24,2025-04-17,Shipped
1112,34,2024-06-14,Delivered
1113,129,2024-02-23,Processing
1114,53,2025-12-29,delivered
1115,39,2024-05-30,returned
1116,140,2024-01-28,returned
1117,42,2025-01-18,delivered
1118,128,2024-05-29,delivered
1119,72,,Processing
1120,41,2024-01-20,SHIPPED
1121,36,2025-06-24,RETURNED
1122,25,2024-09-01,Returned
1123,33,,Processing
1124,76,2025-08-11,Delivered
1125,1,2025-09-21,CANCELLED
1126,44,2025-06-20,cancelled
1127,1,2025-07-21,Delivered
1128,85,2025-01-31,CANCELLED
1129,54,2024-09-03,Delivered
1130,40,2024-05-16,Delivered
1131,148,2024-06-28,Processing
1132,94,2024-05-18,Delivered
1133,19,2024-10-27,DELIVERED
1134,32,2025-06-11,Returned
1135,130,2024-02-07,delivered
1136,31,2024-10-06,Delivered
1137,129,2025-03-26,Returned
1138,124,2025-01-11,Shipped
1139,41,2025-03-16,Delivered
1140,41,2024-12-01,Shipped
1141,32,2024-06-19,Processing
1142,142,2025-09-21,returned
1143,39,2025-11-18,Returned
1144,82,2024-02-01,Delivered
1145,105,2024-02-05,delivered
1146,101,2025-08-03,Delivered
1147,18,2025-01-15,Processing
1148,53,2025-01-10,Returned
1149,59,2024-01-27,Delivered
1150,30,2024-04-30,Shipped
1151,110,2025-09-18,Shipped
1152,103,2024-05-05,Delivered
1153,30,2024-03-30,Cancelled
1154,41,2025-07-09,Shipped
1155,63,2024-06-27,Cancelled
1156,103,,Delivered
1157,4,2025-08-09,Cancelled
1158,67,2025-09-18,DELIVERED
1159,25,2025-06-22,Returned
1160,38,2024-05-08,Cancelled
1161,129,2024-12-18,Delivered
1162,20,2025-08-24,Delivered
1163,65,2024-02-26,Delivered
1164,83,2024-11-26,Delivered
1165,146,2024-03-21,shipped
1166,37,2024-11-06,Delivered
1167,107,2024-06-06,Delivered
1168,18,,Delivered
1169,24,2025-10-18,Shipped
1170,141,2025-09-24,Delivered
1171,149,2025-10-19,Shipped
1172,20,2024-10-31,PROCESSING
1173,127,2025-04-20,Delivered
1174,4,2024-12-19,RETURNED
1175,4,2024-09-04,PROCESSING
1176,26,2024-10-24,Returned
1177,82,2024-12-01,CANCELLED
1178,61,2025-05-25,Shipped
1179,93,2025-06-01,Processing
1180,142,2024-02-19,delivered
1181,142,2024-10-19,Delivered
1182,136,2025-01-09,Returned
1183,128,2025-07-29,Delivered
1184,65,2025-05-31,Processing
1185,1,2025-11-27,DELIVERED
1186,66,2025-07-25,Cancelled
1187,37,2025-02-15,DELIVERED
1188,71,2025-06-15,processing
1189,102,2024-11-22,Delivered
1190,141,2025-08-30,Cancelled
1191,9,,Shipped
1192,31,2025-11-20,Delivered
1193,39,2024-01-28,processing
1194,54,2025-08-14,Delivered
1195,88,,returned
1196,57,2024-07-14,Delivered
1197,53,2025-12-08,Delivered
1198,59,2024-03-04,Delivered
1199,50,2025-06-22,Returned
1200,69,2024-12-16,Cancelled
1201,148,2025-12-10,Shipped
1202,127,2024-10-12,shipped
1203,148,2025-12-22,Delivered
1204,25,2024-12-23,shipped
1205,39,2024-12-19,DELIVERED
1206,107,2025-03-28,Shipped
1207,74,2024-10-04,shipped
1208,125,2024-02-21,Delivered
1209,53,,processing
1210,41,2024-06-10,Returned
1211,19,2025-05-03,Delivered
1212,147,2025-10-23,Delivered
1213,66,2024-08-25,Delivered
1214,91,2024-02-07,Returned
1215,149,2024-02-08,delivered
1216,128,2024-10-18,Processing
1217,99,2024-05-17,processing
1218,91,,Shipped
1219,75,2024-10-29,delivered
1220,32,2025-06-11,cancelled
1221,72,,Cancelled
1222,101,2024-08-29,Processing
1223,34,2025-08-19,DELIVERED
1224,61,2025-04-21,shipped
1225,8,2025-12-07,Delivered
1226,96,2025-09-21,DELIVERED
1227,9,2025-01-17,Returned
1228,74,2025-11-11,Delivered
1229,25,2024-03-24,Processing
1230,119,2024-04-24,Delivered
1231,104,2025-08-09,delivered
1232,106,2025-08-20,processing
1233,75,2024-05-15,Returned
1234,54,2025-11-19,Shipped
1235,2,2024-08-11,DELIVERED
1236,31,2024-03-11,PROCESSING
1237,134,2025-10-23,Returned
1238,31,2025-01-21,returned
1239,69,2025-10-31,cancelled
1240,66,2024-08-16,Delivered
1241,107,2025-11-20,Returned
1242,127,2025-04-16,CANCELLED
1243,58,2024-02-02,Returned
1244,9,2024-09-03,delivered
1245,25,2024-09-07,Delivered
1246,112,2024-02-27,Delivered
1247,91,2024-11-22,cancelled
1248,63,2024-08-14,Returned
1249,71,2024-06-28,Returned
1250,54,2025-10-20,Returned
1251,141,2025-02-22,DELIVERED
1252,124,2024-08-18,Shipped
1253,107,2024-02-29,Returned
1254,69,2025-02-01,DELIVERED
1255,40,2025-01-14,Delivered
1256,27,2024-10-01,Returned
1257,38,2024-07-11,Delivered
1258,40,2024-11-06,DELIVERED
1259,25,2024-09-05,Delivered
1260,105,2024-10-16,Returned
1261,125,2024-09-24,Cancelled
1262,51,2025-04-25,Cancelled
1263,53,,Delivered
1264,4,2025-08-21,RETURNED
1265,128,2024-09-08,Processing
1266,75,2024-09-20,Processing
1267,36,2025-04-16,Delivered
1268,72,2025-07-13,processing
1269,31,2025-06-20,Delivered
1270,25,2024-01-07,returned
1271,78,2024-01-10,Delivered
1272,101,,Processing
1273,69,2025-07-18,returned
1274,147,2024-01-18,Returned
1275,55,2024-04-08,delivered
1276,59,2024-09-30,returned
1277,125,2025-12-14,delivered
1278,17,2024-04-05,Returned
1279,29,2025-10-14,Delivered
1280,80,2025-10-22,Cancelled
1281,49,2025-06-24,delivered
1282,40,2025-05-01,SHIPPED
1283,32,,delivered
1284,107,2025-08-24,Delivered
1285,76,2024-03-19,SHIPPED
1286,1,2025-11-24,Cancelled
1287,41,2025-05-27,CANCELLED
1288,91,2025-09-11,Returned
1289,129,2024-10-06,Processing
1290,99,2025-03-18,Delivered
1291,44,2025-09-25,Shipped
1292,43,2024-10-01,Delivered
1293,79,2025-02-02,Cancelled
1294,125,2025-03-31,Cancelled
1295,45,2024-07-10,Returned
1296,134,2024-04-15,delivered
1297,58,2025-01-29,DELIVERED
1298,58,2024-09-05,Delivered
1299,138,2024-11-04,Shipped
1300,80,2024-10-09,returned
1301,127,2025-10-02,Processing
1302,55,2024-05-18,SHIPPED
1303,124,2024-12-03,Processing
1304,50,2024-05-19,Shipped
1305,103,2025-05-05,CANCELLED
1306,129,2025-05-17,Delivered
1307,93,2025-01-08,Delivered
1308,8,2024-07-03,Delivered
1309,108,2025-03-24,Shipped
1310,148,2025-11-20,PROCESSING
1311,79,2025-03-09,returned
1312,85,2025-07-01,Returned
1313,50,2025-12-19,DELIVERED
1314,86,2025-10-24,Delivered
1315,129,2024-12-05,RETURNED
1316,85,2025-07-25,Delivered
1317,59,,Delivered
1318,54,2024-10-29,Returned
1319,73,2024-12-22,Shipped
1320,63,2025-05-09,Cancelled
1321,128,2024-11-22,Delivered
1322,59,2024-01-24,Cancelled
1323,85,2024-09-06,Delivered
1324,32,2025-04-18,Delivered
1325,96,2025-10-17,Returned
1326,102,2025-04-05,Returned
1327,106,2024-10-12,Delivered
1328,34,2024-07-10,Cancelled
1329,135,2025-11-17,Processing
1330,25,2025-02-01,Returned
1331,91,2025-09-24,Delivered
1332,69,2025-09-21,Delivered
1333,123,2024-11-08,delivered
1334,34,2025-09-02,Delivered
1335,18,2025-10-12,Delivered
1336,72,2024-07-10,Cancelled
1337,19,2024-01-10,processing
1338,143,2025-10-30,Processing
1339,30,2025-05-15,DELIVERED
1340,150,2024-02-03,SHIPPED
1341,31,2025-05-22,Delivered
1342,32,2025-01-10,Delivered
1343,112,2025-03-11,Delivered
1344,127,2024-10-31,Delivered
1345,45,2025-03-25,Delivered
1346,59,2025-12-06,Cancelled
1347,8,2024-06-18,Delivered
1348,31,2025-08-06,Cancelled
1349,87,2024-11-27,SHIPPED
1350,49,2024-05-18,Returned
1351,65,2025-12-19,delivered
1352,93,2025-05-16,Delivered
1353,69,2025-01-19,processing
1354,63,2025-06-11,Shipped
1355,75,2025-05-14,Cancelled
1356,48,2025-04-14,Cancelled
1357,76,2024-08-11,Returned
1358,24,2024-10-17,Cancelled
1359,96,2024-12-17,delivered
1360,9,,Delivered
1361,8,2024-07-26,Delivered
1362,141,2024-04-05,CANCELLED
1363,85,2024-02-23,Returned
1364,120,,Delivered
1365,50,2024-03-20,Delivered
1366,30,2024-01-10,Delivered
1367,113,2025-12-11,Delivered
1368,46,2024-04-14,Delivered
1369,71,2025-01-26,Delivered
1370,36,2025-06-27,Delivered
1371,61,2024-08-06,Delivered
1372,58,2024-08-10,Delivered
1373,64,2025-08-26,Returned
1374,72,2024-09-10,Shipped
1375,127,2025-09-06,Shipped
1376,34,2024-07-29,Delivered
1377,28,2024-09-02,Processing
1378,63,2025-08-31,Delivered
1379,50,2024-11-20,Delivered
1380,74,2025-01-09,Delivered
1381,38,2024-01-18,DELIVERED
1382,76,2025-06-02,Shipped
1383,69,2025-03-09,returned
1384,143,2024-03-26,shipped
1385,80,2025-07-03,Cancelled
1386,148,2024-03-08,Shipped
1387,123,2024-02-29,DELIVERED
1388,36,2024-02-26,Shipped
1389,90,2024-05-02,Delivered
1390,84,2025-05-23,Cancelled
1391,133,2024-06-19,cancelled
1392,61,2024-01-31,Cancelled
1393,33,2024-09-26,Delivered
1394,29,2025-05-26,Delivered
1395,53,2025-08-10,delivered
1396,7,2024-09-07,Delivered
1397,77,2024-07-02,Delivered
1398,34,2024-08-17,cancelled
1399,40,2025-08-08,cancelled
1400,115,2025-06-12,Delivered
1401,140,2024-10-16,Shipped
1402,5,2025-01-12,delivered
1403,125,2025-04-20,Cancelled
1404,101,,delivered
1405,125,,Delivered
1406,99,2024-11-10,delivered
1407,31,2024-05-25,shipped
1408,63,2025-02-26,Cancelled
1409,107,2024-04-07,Delivered
1410,19,2025-08-04,Delivered
1411,122,2024-10-25,Shipped
1412,93,2025-12-18,Cancelled
1413,39,2024-07-26,Delivered
1414,80,2024-04-18,Delivered
1415,62,2025-07-02,Cancelled
1416,125,2025-04-19,Shipped
1417,74,2025-12-22,delivered
1418,128,2024-12-30,Returned
1419,134,2024-06-27,Delivered
1420,105,2025-07-17,DELIVERED
1421,63,2024-01-13,Delivered
1422,67,2024-07-21,Returned
1423,44,2025-08-19,Shipped
1424,34,2024-07-21,Processing
1425,31,2024-05-05,Delivered
1426,66,2025-03-19,Returned
1427,32,2024-06-25,CANCELLED
1428,77,2024-02-05,Delivered
1429,41,2025-05-05,DELIVERED
1430,148,2025-06-22,Delivered
1431,10,2025-01-26,Cancelled
1432,54,2025-08-02,Cancelled
1433,4,2025-09-03,delivered
1434,59,2025-06-26,Cancelled
1435,82,2024-04-12,Delivered
1436,29,2024-08-12,Returned
1437,89,2024-06-29,Delivered
1438,19,2025-08-28,Delivered
1439,40,2025-07-31,Delivered
1440,99,2025-07-09,SHIPPED
1441,96,,Delivered
1442,124,2024-07-25,Delivered
1443,24,2024-03-01,delivered
1444,57,2025-06-22,Cancelled
1445,39,2025-08-23,Delivered
1446,81,2025-03-23,Processing
1447,30,2025-12-11,cancelled
1448,125,2025-12-06,shipped
1449,66,2025-02-04,DELIVERED
1450,102,2024-08-14,Delivered
1451,40,2024-08-31,Cancelled
1452,46,2025-12-26,Cancelled
1453,128,2025-12-10,Delivered
1454,1,2024-02-19,Returned
1455,86,2025-02-27,Processing
1456,99,2024-04-13,Processing
1457,116,2024-06-15,processing
1458,4,2024-09-24,DELIVERED
1459,39,2025-07-14,Delivered
1460,127,2025-12-22,Delivered
1461,9,2025-03-20,DELIVERED
1462,148,2025-12-14,Shipped
1463,50,2024-02-20,Returned
1464,79,2024-02-25,CANCELLED
1465,37,2025-09-06,PROCESSING
1466,150,2024-03-24,Processing
1467,76,2025-04-27,Processing
1468,134,2025-07-11,returned
1469,119,2024-02-15,Shipped
1470,138,2025-07-31,delivered
1471,54,2025-07-08,Returned
1472,4,2024-03-03,Returned
1473,34,2025-12-04,Processing
1474,141,2024-03-21,Returned
1475,65,2025-08-07,delivered
1476,86,2024-08-04,DELIVERED
1477,80,2024-07-25,Delivered
1478,35,2024-03-30,Returned
1479,142,,Processing
1480,1,2025-08-24,RETURNED
1481,140,2024-04-12,Delivered
1482,147,2025-07-02,Cancelled
1483,96,2025-08-08,PROCESSING
1484,36,2025-11-28,returned
1485,122,2024-02-20,Processing
1486,11,2024-12-11,Shipped
1487,51,2024-08-21,Delivered
1488,105,2024-10-02,Returned
1489,58,2024-08-04,Returned
1490,36,2024-02-27,delivered
1491,134,2025-08-05,delivered
1492,30,2024-09-12,Delivered
1493,102,2024-10-07,Cancelled
1494,85,2024-05-06,DELIVERED
1495,71,2025-08-23,Cancelled
1496,133,2025-12-06,DELIVERED
1497,75,2024-08-07,Delivered
1498,138,2025-10-29,Returned
1499,5,2025-04-30,Delivered
1500,5,2024-08-17,Shipped
1501,148,2024-10-08,Returned
1502,35,2024-09-15,Delivered
1503,1,2025-02-10,delivered
1504,36,2025-07-28,SHIPPED
1505,142,2025-10-17,Cancelled
1506,69,2024-07-11,Delivered
1507,30,2025-09-06,Returned
1508,14,2025-11-02,Processing
1509,34,2025-02-18,Returned
1510,75,2024-07-13,Cancelled
1511,141,2025-10-15,Processing
1512,1,2024-11-03,Delivered
1513,93,2024-10-27,Delivered
1514,58,2024-07-06,Cancelled
1515,115,2024-11-10,Returned
1516,134,2025-08-22,Shipped
1517,28,2025-10-11,Delivered
1518,62,2025-11-28,Returned
1519,78,2024-05-20,Delivered
1520,91,2024-05-26,Cancelled
1011,148,2024-08-20,Delivered
1201,148,2025-12-10,Shipped
